{
  "algo_params": {
    "batch_size": 256,
    "context_lr": 0.0003,
    "discount": 0.99,
    "dump_eval_paths": false,
    "embedding_batch_size": 100,
    "embedding_mini_batch_size": 100,
    "eval_embedding_source": "online_exploration_trajectories",
    "kl_lambda": 0.1,
    "max_path_length": 200,
    "meta_batch": 10,
    "num_evals": 2,
    "num_iterations": 500,
    "num_steps_per_eval": 400,
    "num_steps_per_task": 400,
    "num_tasks_sample": 5,
    "num_train_steps_per_itr": 2000,
    "policy_lr": 0.0003,
    "qf_lr": 0.0003,
    "recurrent": false,
    "reparameterize": true,
    "reward_scale": 5.0,
    "soft_target_tau": 0.005,
    "sparse_rewards": false,
    "train_embedding_source": "online_exploration_trajectories",
    "use_information_bottleneck": true,
    "vf_lr": 0.0003
  },
  "gpu_id": 0,
  "net_size": 300,
  "task_params": {
    "n_tasks": 130,
    "randomize_tasks": true
  },
  "use_gpu": true
}